ID des chaînes,URL des chaînes,Titres des chaînes
UC-rFg0XsVqzzMw6omd0-EJw,http://www.youtube.com/channel/UC-rFg0XsVqzzMw6omd0-EJw,CSVT Français
UC0T6MVd3wQDB5ICAe45OxaQ,http://www.youtube.com/channel/UC0T6MVd3wQDB5ICAe45OxaQ,WsCube Tech
UC1r9VD5K5CFEtOcuEi6DepQ,http://www.youtube.com/channel/UC1r9VD5K5CFEtOcuEi6DepQ,قناة صابر مشهور
UC2l3cQRq1V7gyF46AeVwxGg,http://www.youtube.com/channel/UC2l3cQRq1V7gyF46AeVwxGg,مغامرات لاكي لوك الجديدة! 🇸🇦
UC4JX40jDee_tINbkjycV4Sg,http://www.youtube.com/channel/UC4JX40jDee_tINbkjycV4Sg,Tech With Tim
UC4SVo0Ue36XCfOyb5Lh1viQ,http://www.youtube.com/channel/UC4SVo0Ue36XCfOyb5Lh1viQ,Bro Code
UC8FpWCmab9s6-a5XXNIWbUA,http://www.youtube.com/channel/UC8FpWCmab9s6-a5XXNIWbUA,Tokyo Levi
UC8UMer6lHgbnj6XCNQIL-Pw,http://www.youtube.com/channel/UC8UMer6lHgbnj6XCNQIL-Pw,وثائقية أحداث وحقائق روايات
UC8butISFwT-Wl7EV0hUK0BQ,http://www.youtube.com/channel/UC8butISFwT-Wl7EV0hUK0BQ,freeCodeCamp.org
UCACicNDQx-HA5MFnl75a-OQ,http://www.youtube.com/channel/UCACicNDQx-HA5MFnl75a-OQ,Anthony Rahayel
UCCPTp0dCZYLTQQPMEDX9UqA,http://www.youtube.com/channel/UCCPTp0dCZYLTQQPMEDX9UqA,Quick Point Tech
UCCT3y0NwXL63iayHd8lICWw,http://www.youtube.com/channel/UCCT3y0NwXL63iayHd8lICWw,COC Reality
UCDCHcqyeQgJ-jVSd6VJkbCw,http://www.youtube.com/channel/UCDCHcqyeQgJ-jVSd6VJkbCw,codeSTACKr
UCFXyHQjlNrdVYKywetpIj-A,http://www.youtube.com/channel/UCFXyHQjlNrdVYKywetpIj-A,Step News Agency - وكالة ستيب نيوز
UCFYxcI3NcbZUKyjtsfgVSiA,http://www.youtube.com/channel/UCFYxcI3NcbZUKyjtsfgVSiA,صابر مشهور - التاريخية
UCFbNIlppjAuEX4znoulh0Cw,http://www.youtube.com/channel/UCFbNIlppjAuEX4znoulh0Cw,Web Dev Simplified
UCGz6aO0BrcKdj2JIQxX_JaQ,http://www.youtube.com/channel/UCGz6aO0BrcKdj2JIQxX_JaQ,Hulk Clash - هولك كلاش
UCHnj59g7jezwTy5GeL8EA_g,http://www.youtube.com/channel/UCHnj59g7jezwTy5GeL8EA_g,MindYourDecisions
UCIKDaj_tCR7ntiwM71DfaBg,http://www.youtube.com/channel/UCIKDaj_tCR7ntiwM71DfaBg,راكوان للبرمجة - CodeRK
UCLcFW31aAxyqsDxtALNnVTw,http://www.youtube.com/channel/UCLcFW31aAxyqsDxtALNnVTw,Nour Homsi
UCM9dzOUnVXfI5X8kYW3VzqQ,http://www.youtube.com/channel/UCM9dzOUnVXfI5X8kYW3VzqQ,Goose Dev
UCMwYLXB77u5RlLLAd3dekbA,http://www.youtube.com/channel/UCMwYLXB77u5RlLLAd3dekbA,فقرة Anime
UCN4XAG6V3DfQs9YGgoXSbeQ,http://www.youtube.com/channel/UCN4XAG6V3DfQs9YGgoXSbeQ,كتب تاريخية نادرة
UCP2wZN0XoT4_rhd7Hw0bvrA,http://www.youtube.com/channel/UCP2wZN0XoT4_rhd7Hw0bvrA,MOBILE DOCTOR
UCP5tjEmvPItGyLhmjdwP7Ww,http://www.youtube.com/channel/UCP5tjEmvPItGyLhmjdwP7Ww,RealLifeLore
UCP8WeaG7ReEW3NHyhOsjasw,http://www.youtube.com/channel/UCP8WeaG7ReEW3NHyhOsjasw,مذكرات مسموعة تاريخية
UCTBzRVXqNyhkCDs4DYq3nEw,http://www.youtube.com/channel/UCTBzRVXqNyhkCDs4DYq3nEw,TheProdigy
UCTGgxc_jIz2z9mpfInuPHWQ,http://www.youtube.com/channel/UCTGgxc_jIz2z9mpfInuPHWQ,Coder Foundry
UCURohFUc5BwgHHELJjRCa-w,http://www.youtube.com/channel/UCURohFUc5BwgHHELJjRCa-w,صابر مشهور
UCWyheyJzsf32iR1IQG2o72Q,http://www.youtube.com/channel/UCWyheyJzsf32iR1IQG2o72Q,WODAC عالم القيادة والسيارات مع ياسين
UCXdgyQxuyYBuiv6pvzJuaKg,http://www.youtube.com/channel/UCXdgyQxuyYBuiv6pvzJuaKg,Abhijeet Abhijeet
UCZ9qFEC82qM6Pk-54Q4TVWA,http://www.youtube.com/channel/UCZ9qFEC82qM6Pk-54Q4TVWA,Andy Sterkowitz
UC_cez4wR6pmFKNUsCgN3Alw,http://www.youtube.com/channel/UC_cez4wR6pmFKNUsCgN3Alw,MBC2 Movies
UCe7XZP5Uq7AI3Ix-VLPm14A,http://www.youtube.com/channel/UCe7XZP5Uq7AI3Ix-VLPm14A,Raptor Mapping
UCfxv5pIPOq_NEeMgeSH9Hug,http://www.youtube.com/channel/UCfxv5pIPOq_NEeMgeSH9Hug,صابر مشهور - الثقافية
UClRdPI_hm5DIl1G1SNh9oMQ,http://www.youtube.com/channel/UClRdPI_hm5DIl1G1SNh9oMQ,GameWatcher
UCmU8DVp4QZ-9r5n2kh-RzBw,http://www.youtube.com/channel/UCmU8DVp4QZ-9r5n2kh-RzBw,The Writing Dev
UCmXmlB4-HJytD7wek0Uo97A,http://www.youtube.com/channel/UCmXmlB4-HJytD7wek0Uo97A,JavaScript Mastery
UCqk1kfKX-xbpRXQnDrhLtqw,http://www.youtube.com/channel/UCqk1kfKX-xbpRXQnDrhLtqw,صابر مشهور - الإخبارية
UCs2iRkOaPo7QLRKCtiqczEA,http://www.youtube.com/channel/UCs2iRkOaPo7QLRKCtiqczEA,Hassan EL BAHI
UCs6nmQViDpUw0nuIx9c_WvA,http://www.youtube.com/channel/UCs6nmQViDpUw0nuIx9c_WvA,ProgrammingKnowledge
UCsBjURrPoezykLs9EqgamOA,http://www.youtube.com/channel/UCsBjURrPoezykLs9EqgamOA,Fireship
UCsyV2xLNvbCu0e3Mu8IBWHQ,http://www.youtube.com/channel/UCsyV2xLNvbCu0e3Mu8IBWHQ,Kostiantyn Luchshev
UCtUor2SqesPS3b_SMFtLT_w,http://www.youtube.com/channel/UCtUor2SqesPS3b_SMFtLT_w,أخضر
UCuM7WjvD9wR91uQz5FmMEjA,http://www.youtube.com/channel/UCuM7WjvD9wR91uQz5FmMEjA,
UCvKICv4_rJbsLPiDBEIqE3w,http://www.youtube.com/channel/UCvKICv4_rJbsLPiDBEIqE3w,XBoTMeN
UCvbAaePu4-TSmIj5PougQ7w,http://www.youtube.com/channel/UCvbAaePu4-TSmIj5PougQ7w,Habib Mahmood
UCwH2Q0I-R9Lh_1Dc2SWw-SA,http://www.youtube.com/channel/UCwH2Q0I-R9Lh_1Dc2SWw-SA,C . GAMER
UCxBlOTobHElqYRWApnsb0pw,http://www.youtube.com/channel/UCxBlOTobHElqYRWApnsb0pw,ريفيو  - Review
UCxK4Dz7Fg2wz8PsthRDLSHg,http://www.youtube.com/channel/UCxK4Dz7Fg2wz8PsthRDLSHg,ستيب سبورت - Step Sport
UCxKwVxMbSxBeu5aKXzIv6tg,http://www.youtube.com/channel/UCxKwVxMbSxBeu5aKXzIv6tg,ViLAP
UCyEvcmqgbekAZaE5MoaAyqg,http://www.youtube.com/channel/UCyEvcmqgbekAZaE5MoaAyqg,TiziHack's
UCyFWoLmPTgZ3BkHIKMRSV1g,http://www.youtube.com/channel/UCyFWoLmPTgZ3BkHIKMRSV1g,Nerd's lesson
UCyvk_lo0codsbB8oWL6xUBA,http://www.youtube.com/channel/UCyvk_lo0codsbB8oWL6xUBA,السبيل  al-sabeel
UCzXHxl02PLrMi_qnz-rq10w,http://www.youtube.com/channel/UCzXHxl02PLrMi_qnz-rq10w,ستيب فيديوغراف





